{
  "project_info": {
    "project_number": "1034156029988",
    "project_id": "productmanagementt-fe58c",
    "storage_bucket": "productmanagementt-fe58c.firebasestorage.app"
  },
  "client": [
    {
      "client_info": {
        "mobilesdk_app_id": "1:1034156029988:android:f74ddbfe9cb68ea7c640b1",
        "android_client_info": {
          "package_name": "com.example.productmanagement"
        }
      },
      "oauth_client": [],
      "api_key": [
        {
          "current_key": "AIzaSyAFXOfm_S2FLS9yZ0IKPwwMnGrLoVr3cV8"
        }
      ],
      "services": {
        "appinvite_service": {
          "other_platform_oauth_client": []
        }
      }
    }
  ],
  "configuration_version": "1"
}